user_continentAsia,user_continentEurope,user_continentNorth.America,user_continentOceania,user_continentSouth.America,traveller_typeCouples,traveller_typeFamilies,traveller_typeFriends,traveller_typeSolo,stay_periodJun.Aug,stay_periodMar.May,stay_periodSep.Nov,review_quarter.Q2,review_quarter.Q3,review_quarter.Q4,review_day.Weekend,poolYES,gymYES,tennis_courtYES,spaYES,casinoYES,free_internetYES,hotel_stars.3.5,hotel_stars.4,hotel_stars.4.5,hotel_stars.5,member_years,num_reviews,helpful_votes,rooms,num_hotel_reviews,score
0,0,1,0,0,0,0,1,0,0,0,0,0,0,0,0,0,1,0,0,1,1,0,0,0,0,1.5474979176629242,-0.5008059940972489,-0.3697350263991376,1.2260793402881622,-0.5103748686042013,5
0,0,1,0,0,0,0,0,0,0,0,0,0,0,0,1,0,1,0,0,1,1,0,0,0,0,-0.44440065058878525,1.1004552765031654,0.8837164532320195,1.2260793402881622,0.2571582242229922,3
0,0,1,0,0,0,1,0,0,0,1,0,0,0,0,1,0,1,0,0,1,1,0,0,0,0,-0.7763837452974035,-0.13014366293974564,-0.12713151421246202,1.2260793402881622,-0.28462984130208563,5
0,1,0,0,0,0,0,1,0,0,1,0,0,0,0,1,0,1,0,0,1,1,0,0,0,0,0.5515486335370695,-0.45632651435834853,-0.34951806705024796,1.2260793402881622,-0.3749278522229319,4
0,1,0,0,0,1,0,0,0,0,1,0,1,0,0,1,0,1,0,0,1,1,0,0,0,0,-0.11241755588016701,0.003294776276955573,0.2974246321142202,1.2260793402881622,-0.14918282492081616,4
0,0,1,0,0,0,1,0,0,0,1,0,1,0,0,0,0,1,0,0,1,1,0,0,0,0,-1.44034993471464,-0.6342444333139501,-0.5516876605391442,1.2260793402881622,-0.6458218849854709,4
1,0,0,0,0,0,0,1,0,0,1,0,1,0,0,1,0,1,0,0,1,1,0,0,0,0,-0.44440065058878525,-0.3080615818953472,-0.4708198231435857,1.2260793402881622,-0.5555238740646246,4
0,0,1,0,0,0,1,0,0,0,1,0,1,0,0,0,0,1,0,0,1,1,0,0,0,0,0.21956553882845123,-0.4859795008509488,-0.41016894509691687,1.2260793402881622,-0.3749278522229319,3
0,0,1,0,0,0,1,0,0,1,0,0,1,0,0,1,0,1,0,0,1,1,0,0,0,0,1.5474979176629242,0.8484048913160631,0.5400281443008957,1.2260793402881622,0.39260524060426166,2
0,0,0,1,0,0,0,1,0,1,0,0,1,0,0,1,0,1,0,0,1,1,0,0,0,0,-0.11241755588016701,-0.36736755488054773,-0.14734847356135167,1.2260793402881622,-0.28462984130208563,3
0,0,1,0,0,0,0,1,0,1,0,0,0,1,0,0,0,1,0,0,1,1,0,0,0,0,-1.1083668400060218,-0.5601119670824495,-0.4506028637946961,1.2260793402881622,-0.42007685768335506,2
0,1,0,0,0,0,0,1,0,1,0,0,0,1,0,1,0,1,0,0,1,1,0,0,0,0,-1.1083668400060218,-0.61941794006765,-0.6325554979347028,1.2260793402881622,-0.5555238740646246,3
0,0,1,0,0,0,1,0,0,0,0,1,0,1,0,0,0,1,0,0,1,1,0,0,0,0,-0.11241755588016701,-0.5452854738361493,-0.4506028637946961,1.2260793402881622,-0.3297788467625088,1
0,0,1,0,0,0,1,0,0,0,0,1,0,1,0,1,0,1,0,0,1,1,0,0,0,0,-0.7763837452974035,-0.5304589805898492,-0.6123385385858131,1.2260793402881622,-0.5555238740646246,4
0,1,0,0,0,1,0,0,0,0,0,1,0,0,1,1,0,1,0,0,1,1,0,0,0,0,0.8835317282456877,-0.515632487343549,-0.5921215792369235,1.2260793402881622,-0.46522586314377823,4
0,0,0,1,0,1,0,0,0,0,0,1,0,0,1,0,0,1,0,0,1,1,0,0,0,0,-0.44440065058878525,-0.6045914468213499,-0.5719046198880339,1.2260793402881622,-0.5555238740646246,1
0,1,0,0,0,0,1,0,0,0,0,0,0,0,1,1,0,1,0,0,1,1,0,0,0,0,-1.44034993471464,-0.397020541373148,-0.2484332703057998,1.2260793402881622,-0.3749278522229319,4
0,0,1,0,0,1,0,0,0,0,0,0,0,0,1,1,0,1,0,0,1,1,0,0,0,0,0.21956553882845123,-0.6045914468213499,-0.5719046198880339,1.2260793402881622,-0.5103748686042013,2
0,0,1,0,0,0,0,0,0,0,0,0,0,0,0,1,1,1,0,1,1,1,0,0,0,0,2.2114641070801606,1.0263228102716648,0.418726388207558,1.3878333817384838,1.2052873388918783,4
0,0,1,0,0,1,0,0,0,0,0,0,0,0,0,1,1,1,0,1,1,1,0,0,0,0,1.215514822954306,-0.2191026224175464,-0.28886718900357905,1.3878333817384838,-0.14918282492081616,5
0,1,0,0,0,0,0,0,0,0,0,0,0,0,0,0,1,1,0,1,1,1,0,0,0,0,-0.44440065058878525,0.6260074926215612,0.0952550386253239,1.3878333817384838,0.12171120784172275,3
0,0,1,0,0,0,0,0,1,0,1,0,0,0,0,0,1,1,0,1,1,1,0,0,0,0,-1.1083668400060218,-0.27840859540274693,-0.06648063616579314,1.3878333817384838,-0.23948083584166246,5
0,1,0,0,0,1,0,0,0,0,1,0,0,0,0,0,1,1,0,1,1,1,0,0,0,0,1.215514822954306,-0.5452854738361493,-0.4506028637946961,1.3878333817384838,-0.3749278522229319,5
0,0,1,0,0,1,0,0,0,0,1,0,1,0,0,1,1,1,0,1,1,1,0,0,0,0,0.8835317282456877,-0.5008059940972489,-0.3697350263991376,1.3878333817384838,-0.3297788467625088,5
0,0,1,0,0,0,0,0,1,0,1,0,1,0,0,0,1,1,0,1,1,1,0,0,0,0,-1.1083668400060218,0.16638620198625703,-0.49103678249247534,1.3878333817384838,-0.3297788467625088,3
0,0,0,0,0,0,0,1,0,0,1,0,1,0,0,0,1,1,0,1,1,1,0,0,0,0,-0.11241755588016701,-0.4711530076046487,-0.4708198231435857,1.3878333817384838,-0.14918282492081616,3
0,1,0,0,0,1,0,0,0,1,0,0,1,0,0,1,1,1,0,1,1,1,0,0,0,0,0.5515486335370695,-0.36736755488054773,-0.5516876605391442,1.3878333817384838,-0.3749278522229319,3
0,0,1,0,0,0,0,1,0,1,0,0,0,1,0,1,1,1,0,1,1,1,0,0,0,0,0.5515486335370695,0.37395710743445887,-0.14734847356135167,1.3878333817384838,0.5280522569855312,4
0,0,0,0,0,0,0,1,0,1,0,0,0,1,0,0,1,1,0,1,1,1,0,0,0,0,-1.1083668400060218,-0.5749384603287496,-0.49103678249247534,1.3878333817384838,-0.5555238740646246,4
0,0,1,0,0,0,1,0,0,1,0,0,0,1,0,0,1,1,0,1,1,1,0,0,0,0,-0.7763837452974035,-0.3080615818953472,-0.4506028637946961,1.3878333817384838,-0.42007685768335506,2
0,0,1,0,0,1,0,0,0,0,0,1,0,1,0,1,1,1,0,1,1,1,0,0,0,0,1.215514822954306,-0.36736755488054773,0.5602451036497854,1.3878333817384838,-0.46522586314377823,3
0,1,0,0,0,0,0,1,0,0,0,1,0,0,1,0,1,1,0,1,1,1,0,0,0,0,0.21956553882845123,0.03294776276955584,-0.08669759551468277,1.3878333817384838,-0.42007685768335506,4
0,0,1,0,0,0,1,0,0,0,0,1,0,0,1,1,1,1,0,1,1,1,0,0,0,0,0.5515486335370695,-0.14497015618604575,-0.2484332703057998,1.3878333817384838,-0.3297788467625088,4
0,1,0,0,0,0,0,1,0,0,0,1,0,0,1,1,1,1,0,1,1,1,0,0,0,0,-1.1083668400060218,-0.5749384603287496,-0.5516876605391442,1.3878333817384838,-0.690970890445894,4
0,1,0,0,0,1,0,0,0,0,0,0,0,0,1,0,1,1,0,1,1,1,0,0,0,0,0.8835317282456877,0.43326308041965944,0.4591603069053372,1.3878333817384838,1.431032366193994,4
1,0,0,0,0,0,0,0,1,0,0,0,0,0,1,0,1,1,0,1,1,1,0,0,0,0,-0.11241755588016701,-0.1597966494323459,-0.026046717468013878,1.3878333817384838,-0.3297788467625088,3
0,1,0,0,0,1,0,0,0,0,0,0,0,0,0,0,1,1,0,1,1,0,0,1,0,0,-0.44440065058878525,7.876162690062325,6.241210680687771,0.6272783214576454,1.2504363443523014,3
0,0,1,0,0,0,0,0,1,0,0,0,0,0,0,1,1,1,0,1,1,0,0,1,0,0,0.21956553882845123,-0.36736755488054773,-0.41016894509691687,0.6272783214576454,-0.3297788467625088,4
0,0,1,0,0,1,0,0,0,0,0,0,0,0,0,0,1,1,0,1,1,0,0,1,0,0,-0.44440065058878525,5.533576757146905,2.0360831361187284,0.6272783214576454,0.7537972842876469,2
0,0,1,0,0,1,0,0,0,0,0,0,0,0,0,0,1,1,0,1,1,0,0,1,0,0,-0.7763837452974035,0.4184365871733593,-0.1877823922591309,0.6272783214576454,-0.104033819460393,4
0,0,1,0,0,1,0,0,0,0,1,0,0,0,0,0,1,1,0,1,1,0,0,1,0,0,-0.7763837452974035,-0.2191026224175464,0.01438720122976538,0.6272783214576454,-0.23948083584166246,3
0,0,1,0,0,0,0,0,0,0,1,0,0,0,0,0,1,1,0,1,1,0,0,1,0,0,-0.7763837452974035,0.270171654710358,-0.28886718900357905,0.6272783214576454,-0.013735808539546705,4
0,0,0,1,0,1,0,0,0,0,1,0,1,0,0,1,1,1,0,1,1,0,0,1,0,0,-0.7763837452974035,-0.36736755488054773,-0.41016894509691687,0.6272783214576454,-0.3749278522229319,4
0,1,0,0,0,1,0,0,0,1,0,0,1,0,0,0,1,1,0,1,1,0,0,1,0,0,1.5474979176629242,-0.5601119670824495,-0.49103678249247534,0.6272783214576454,-0.46522586314377823,4
0,0,1,0,0,0,0,1,0,1,0,0,1,0,0,0,1,1,0,1,1,0,0,1,0,0,-1.1083668400060218,-0.4711530076046487,-0.32930110770135834,0.6272783214576454,-0.28462984130208563,4
0,1,0,0,0,0,1,0,0,1,0,0,0,1,0,1,1,1,0,1,1,0,0,1,0,0,-1.1083668400060218,-0.515632487343549,-0.5516876605391442,0.6272783214576454,-0.46522586314377823,4
0,0,0,1,0,1,0,0,0,1,0,0,0,1,0,0,1,1,0,1,1,0,0,1,0,0,0.8835317282456877,-0.5304589805898492,-0.2484332703057998,0.6272783214576454,-0.42007685768335506,3
0,1,0,0,0,0,0,0,1,1,0,0,0,1,0,0,1,1,0,1,1,0,0,1,0,0,0.21956553882845123,-0.13014366293974564,0.0952550386253239,0.6272783214576454,0.1668602133021459,2
0,1,0,0,0,0,1,0,0,1,0,0,0,1,0,1,1,1,0,1,1,0,0,1,0,0,0.21956553882845123,-0.174623142678646,-0.2484332703057998,0.6272783214576454,-0.14918282492081616,3
0,1,0,0,0,1,0,0,0,0,0,1,0,1,0,0,1,1,0,1,1,0,0,1,0,0,0.21956553882845123,-0.3821940481268479,-0.30908414835246867,0.6272783214576454,0.0765622023812996,4
0,0,1,0,0,0,1,0,0,0,0,1,0,0,1,1,1,1,0,1,1,0,0,1,0,0,-1.1083668400060218,-0.32288807514164736,-0.41016894509691687,0.6272783214576454,0.0765622023812996,3
0,0,1,0,0,1,0,0,0,0,0,1,0,0,1,1,1,1,0,1,1,0,0,1,0,0,-1.1083668400060218,-0.4711530076046487,-0.5719046198880339,0.6272783214576454,-0.5555238740646246,2
1,0,0,0,0,0,0,0,0,0,0,1,0,0,1,0,1,1,0,1,1,0,0,1,0,0,-1.44034993471464,-0.6490709265602502,-0.5921215792369235,0.6272783214576454,-0.690970890445894,1
0,1,0,0,0,0,0,0,0,0,0,0,0,0,1,1,1,1,0,1,1,0,0,1,0,0,-1.44034993471464,-0.3525410616342476,-0.511253741841365,0.6272783214576454,0.12171120784172275,2
0,1,0,0,0,0,0,0,0,0,0,0,0,0,0,1,1,1,1,1,1,1,0,1,0,0,0.5515486335370695,-0.23392911566384655,-0.34951806705024796,0.5347363458202019,-0.1943318303812393,3
0,0,1,0,0,0,0,1,0,0,0,0,0,0,0,0,1,1,1,1,1,1,0,1,0,0,1.5474979176629242,-0.3821940481268479,2.743676713329865,0.5347363458202019,-0.14918282492081616,4
0,0,1,0,0,0,0,0,1,0,0,0,0,0,0,0,1,1,1,1,1,1,0,1,0,0,-1.44034993471464,-0.41184703461944816,-0.30908414835246867,0.5347363458202019,-0.28462984130208563,5
0,0,1,0,0,1,0,0,0,0,1,0,0,0,0,1,1,1,1,1,1,1,0,1,0,0,-1.1083668400060218,-0.026358210215644693,-0.22821631095691017,0.5347363458202019,-0.3297788467625088,4
0,0,1,0,0,0,0,1,0,0,1,0,0,0,0,1,1,1,1,1,1,1,0,1,0,0,-0.7763837452974035,-0.4859795008509488,-0.5719046198880339,0.5347363458202019,-0.3297788467625088,4
1,0,0,0,0,0,1,0,0,0,1,0,1,0,0,1,1,1,1,1,1,1,0,1,0,0,-1.1083668400060218,-0.4859795008509488,-0.12713151421246202,0.5347363458202019,-0.5103748686042013,3
0,1,0,0,0,0,0,1,0,0,1,0,1,0,0,1,1,1,1,1,1,1,0,1,0,0,-0.44440065058878525,-0.515632487343549,-0.5314707011902546,0.5347363458202019,-0.690970890445894,4
0,0,1,0,0,0,1,0,0,1,0,0,1,0,0,0,1,1,1,1,1,1,0,1,0,0,0.5515486335370695,-0.26358210215644684,-0.30908414835246867,0.5347363458202019,0.0765622023812996,3
0,0,0,1,0,1,0,0,0,1,0,0,0,1,0,0,1,1,1,1,1,1,0,1,0,0,-0.44440065058878525,-0.3525410616342476,-0.34951806705024796,0.5347363458202019,0.21200921876256906,5
1,0,0,0,0,0,0,0,1,1,0,0,0,1,0,0,1,1,1,1,1,1,0,1,0,0,0.21956553882845123,-0.026358210215644693,-0.08669759551468277,0.5347363458202019,-0.05888481399996986,4
0,1,0,0,0,1,0,0,0,1,0,0,0,1,0,1,1,1,1,1,1,1,0,1,0,0,0.21956553882845123,-0.5601119670824495,-0.5516876605391442,0.5347363458202019,-0.5555238740646246,4
0,1,0,0,0,1,0,0,0,0,0,1,0,1,0,1,1,1,1,1,1,1,0,1,0,0,-1.44034993471464,-0.5008059940972489,-0.511253741841365,0.5347363458202019,-0.28462984130208563,3
0,0,1,0,0,0,0,0,0,0,0,1,0,1,0,0,1,1,1,1,1,1,0,1,0,0,-0.7763837452974035,0.49256905340485996,-0.026046717468013878,0.5347363458202019,-0.1943318303812393,4
0,0,0,1,0,0,1,0,0,0,0,1,0,0,1,0,1,1,1,1,1,1,0,1,0,0,0.21956553882845123,-0.4859795008509488,-0.5516876605391442,0.5347363458202019,-0.3749278522229319,5
1,0,0,0,0,1,0,0,0,0,0,1,0,0,1,1,1,1,1,1,1,1,0,1,0,0,0.8835317282456877,-0.6045914468213499,-0.6123385385858131,0.5347363458202019,-0.5555238740646246,5
0,0,0,1,0,0,1,0,0,0,0,1,0,0,1,1,1,1,1,1,1,1,0,1,0,0,-0.7763837452974035,-0.26358210215644684,-0.4708198231435857,0.5347363458202019,-0.28462984130208563,4
0,0,1,0,0,0,0,1,0,0,0,0,0,0,1,1,1,1,1,1,1,1,0,1,0,0,-0.11241755588016701,-0.4859795008509488,-0.49103678249247534,0.5347363458202019,-0.5555238740646246,4
0,0,1,0,0,1,0,0,0,0,0,0,0,0,1,0,1,1,1,1,1,1,0,1,0,0,2.543447201788779,-0.3525410616342476,0.33785855081199945,0.5347363458202019,0.03141319692087645,5
0,0,1,0,0,0,0,1,0,0,0,0,0,0,0,1,1,1,1,1,1,1,0,1,0,0,-0.7763837452974035,-0.4859795008509488,-0.6123385385858131,-0.567213061560113,-0.42007685768335506,5
1,0,0,0,0,1,0,0,0,0,0,0,0,0,0,0,1,1,1,1,1,1,0,1,0,0,0.21956553882845123,0.50739554665116,0.39850942885866836,-0.567213061560113,1.069840322510609,3
1,0,0,0,0,0,0,0,0,0,0,0,0,0,0,0,1,1,1,1,1,1,0,1,0,0,-0.7763837452974035,-0.397020541373148,-0.30908414835246867,-0.567213061560113,-0.23948083584166246,3
0,0,1,0,0,0,0,0,0,0,1,0,0,0,0,0,1,1,1,1,1,1,0,1,0,0,-0.44440065058878525,-0.4711530076046487,-0.4708198231435857,-0.567213061560113,-0.5555238740646246,4
0,1,0,0,0,1,0,0,0,0,1,0,1,0,0,1,1,1,1,1,1,1,0,1,0,0,-0.44440065058878525,-0.3821940481268479,-0.06648063616579314,-0.567213061560113,-0.28462984130208563,5
1,0,0,0,0,0,0,0,0,0,1,0,1,0,0,0,1,1,1,1,1,1,0,1,0,0,-0.44440065058878525,0.6408339858678613,1.4497913150009292,-0.567213061560113,-0.013735808539546705,4
0,0,0,1,0,1,0,0,0,0,1,0,1,0,0,0,1,1,1,1,1,1,0,1,0,0,-1.1083668400060218,-0.5452854738361493,-0.6325554979347028,-0.567213061560113,-0.5103748686042013,4
0,1,0,0,0,0,0,1,0,0,1,0,1,0,0,1,1,1,1,1,1,1,0,1,0,0,-1.1083668400060218,-0.08566418320084522,-0.0058297581191242495,-0.567213061560113,-0.013735808539546705,3
0,1,0,0,0,0,0,0,0,1,0,0,1,0,0,0,1,1,1,1,1,1,0,1,0,0,-0.44440065058878525,1.263546702212467,0.6006790223475647,-0.567213061560113,1.1601383334314552,4
0,0,0,1,0,0,0,1,0,1,0,0,1,0,0,0,1,1,1,1,1,1,0,1,0,0,0.8835317282456877,0.50739554665116,1.4902252336987085,-0.567213061560113,2.830651535467112,4
0,1,0,0,0,1,0,0,0,1,0,0,0,1,0,0,1,1,1,1,1,1,0,1,0,0,-1.1083668400060218,-0.397020541373148,-0.28886718900357905,-0.567213061560113,-0.42007685768335506,4
0,0,0,1,0,0,0,1,0,1,0,0,0,1,0,1,1,1,1,1,1,1,0,1,0,0,-1.1083668400060218,-0.5452854738361493,-0.5719046198880339,-0.567213061560113,-0.3749278522229319,5
0,0,0,1,0,1,0,0,0,1,0,0,0,1,0,1,1,1,1,1,1,1,0,1,0,0,-1.44034993471464,-0.4415000211120484,-0.511253741841365,-0.567213061560113,-0.5103748686042013,5
0,0,1,0,0,1,0,0,0,0,0,1,0,1,0,0,1,1,1,1,1,1,0,1,0,0,-1.44034993471464,-0.26358210215644684,-0.4506028637946961,-0.567213061560113,-0.690970890445894,1
0,1,0,0,0,0,0,1,0,0,0,1,0,0,1,0,1,1,1,1,1,1,0,1,0,0,-1.1083668400060218,-0.3377145683879475,-0.511253741841365,-0.567213061560113,-0.42007685768335506,5
1,0,0,0,0,0,0,0,1,0,0,1,0,0,1,1,1,1,1,1,1,1,0,1,0,0,-1.1083668400060218,-0.2042761291712463,-0.41016894509691687,-0.567213061560113,-0.3297788467625088,4
0,1,0,0,0,1,0,0,0,0,0,0,0,0,1,1,1,1,1,1,1,1,0,1,0,0,-0.11241755588016701,-0.515632487343549,-0.41016894509691687,-0.567213061560113,-0.42007685768335506,5
0,1,0,0,0,0,1,0,0,0,0,0,0,0,1,0,1,1,1,1,1,1,0,1,0,0,-0.11241755588016701,-0.4859795008509488,-0.5719046198880339,-0.567213061560113,-0.5555238740646246,5
0,0,1,0,0,0,0,1,0,0,0,0,0,0,0,0,1,1,0,1,1,1,0,0,0,1,0.8835317282456877,0.07742724250845624,-0.14734847356135167,0.8955722844401498,-0.05888481399996986,5
0,0,1,0,0,0,1,0,0,0,0,0,0,0,0,0,1,1,0,1,1,1,0,0,0,1,1.8794810123715424,1.60455604687737,1.0050182093253572,0.8955722844401498,1.0246913170501857,5
0,0,1,0,0,0,1,0,0,0,0,0,0,0,0,0,1,1,0,1,1,1,0,0,0,1,-0.7763837452974035,-0.45632651435834853,-0.3899519857480272,0.8955722844401498,-0.5555238740646246,5
0,0,1,0,0,0,1,0,0,0,1,0,0,0,0,1,1,1,0,1,1,1,0,0,0,1,-0.11241755588016701,-0.2042761291712463,-0.4303859044458065,0.8955722844401498,-0.14918282492081616,5
0,0,1,0,0,0,1,0,0,0,1,0,0,0,0,1,1,1,0,1,1,1,0,0,0,1,1.5474979176629242,-0.4415000211120484,-0.04626367681690351,0.8955722844401498,-0.23948083584166246,3
0,0,1,0,0,1,0,0,0,0,1,0,1,0,0,0,1,1,0,1,1,1,0,0,0,1,-0.44440065058878525,-0.5897649535750498,-0.5516876605391442,0.8955722844401498,-0.46522586314377823,5
0,0,1,0,0,1,0,0,0,0,1,0,1,0,0,1,1,1,0,1,1,1,0,0,0,1,-0.7763837452974035,0.018121269523255705,-0.20799935160802055,0.8955722844401498,-0.5103748686042013,4
0,1,0,0,0,1,0,0,0,0,1,0,1,0,0,1,1,1,0,1,1,1,0,0,0,1,-0.11241755588016701,-0.4415000211120484,0.1559059166719928,0.8955722844401498,-0.42007685768335506,1
0,0,1,0,0,1,0,0,0,1,0,0,1,0,0,1,1,1,0,1,1,1,0,0,0,1,-0.7763837452974035,-0.41184703461944816,-0.3697350263991376,0.8955722844401498,-0.013735808539546705,4
0,0,1,0,0,0,0,0,1,1,0,0,1,0,0,0,1,1,0,1,1,1,0,0,0,1,1.5474979176629242,-0.29323508864904707,0.0952550386253239,0.8955722844401498,0.30230722968341533,1
0,0,1,0,0,1,0,0,0,1,0,0,0,1,0,0,1,1,0,1,1,1,0,0,0,1,-1.1083668400060218,-0.45632651435834853,-0.5516876605391442,0.8955722844401498,-0.3297788467625088,5
0,1,0,0,0,0,1,0,0,1,0,0,0,1,0,0,1,1,0,1,1,1,0,0,0,1,0.5515486335370695,0.21086568172515743,0.11547199797421352,0.8955722844401498,1.8373734153378025,3
0,1,0,0,0,0,1,0,0,1,0,0,0,1,0,1,1,1,0,1,1,1,0,0,0,1,-0.44440065058878525,-0.5008059940972489,-0.28886718900357905,0.8955722844401498,-0.23948083584166246,5
0,0,1,0,0,1,0,0,0,0,0,1,0,1,0,0,1,1,0,1,1,1,0,0,0,1,-0.44440065058878525,-0.515632487343549,-0.49103678249247534,0.8955722844401498,-0.3749278522229319,5
0,0,0,1,0,1,0,0,0,0,0,1,0,0,1,1,1,1,0,1,1,1,0,0,0,1,-0.11241755588016701,-0.14497015618604575,0.2367737540675513,0.8955722844401498,0.39260524060426166,5
0,0,0,1,0,0,1,0,0,0,0,1,0,0,1,1,1,1,0,1,1,1,0,0,0,1,-1.44034993471464,-0.5749384603287496,-0.4506028637946961,0.8955722844401498,-0.42007685768335506,3
0,0,1,0,0,0,1,0,0,0,0,0,0,0,1,1,1,1,0,1,1,1,0,0,0,1,-0.44440065058878525,-0.32288807514164736,-0.5921215792369235,0.8955722844401498,-0.3749278522229319,4
0,0,1,0,0,1,0,0,0,0,0,0,0,0,1,1,1,1,0,1,1,1,0,0,0,1,2.875430296497397,0.04777425601585597,0.7219807784409025,0.8955722844401498,0.2571582242229922,4
0,0,0,1,0,0,0,1,0,0,0,0,0,0,0,0,1,1,0,1,1,1,0,0,0,1,-1.1083668400060218,-0.4859795008509488,-0.5719046198880339,0.5930611203816158,-0.42007685768335506,5
0,1,0,0,0,1,0,0,0,0,0,0,0,0,0,0,1,1,0,1,1,1,0,0,0,1,1.215514822954306,1.2190672224735666,0.9848012499764677,0.5930611203816158,1.1149893279710321,5
0,0,1,0,0,1,0,0,0,0,1,0,0,0,0,0,1,1,0,1,1,1,0,0,0,1,-1.1083668400060218,-0.4859795008509488,-0.6123385385858131,0.5930611203816158,-0.46522586314377823,5
0,0,1,0,0,1,0,0,0,0,1,0,0,0,0,1,1,1,0,1,1,1,0,0,0,1,1.8794810123715424,-0.41184703461944816,0.8634994938831299,0.5930611203816158,0.0765622023812996,5
0,1,0,0,0,0,0,1,0,0,1,0,1,0,0,0,1,1,0,1,1,1,0,0,0,1,0.8835317282456877,-0.32288807514164736,-0.20799935160802055,0.5930611203816158,-0.3749278522229319,4
0,0,1,0,0,0,0,0,0,0,1,0,1,0,0,0,1,1,0,1,1,1,0,0,0,1,-0.7763837452974035,0.8484048913160631,0.2772076727653306,0.5930611203816158,0.0765622023812996,5
0,1,0,0,0,0,1,0,0,0,1,0,1,0,0,0,1,1,0,1,1,1,0,0,0,1,1.215514822954306,1.0114963170253648,0.4793772662542269,0.5930611203816158,-0.013735808539546705,5
0,0,1,0,0,0,0,0,0,0,1,0,1,0,0,0,1,1,0,1,1,1,0,0,0,1,-1.1083668400060218,-0.2191026224175464,-0.4303859044458065,0.5930611203816158,-0.3297788467625088,2
0,1,0,0,0,1,0,0,0,1,0,0,1,0,0,0,1,1,0,1,1,1,0,0,0,1,0.8835317282456877,-0.3080615818953472,-0.14734847356135167,0.5930611203816158,0.39260524060426166,2
0,0,1,0,0,0,0,0,0,1,0,0,0,1,0,0,1,1,0,1,1,1,0,0,0,1,-1.1083668400060218,-0.5749384603287496,-0.34951806705024796,0.5930611203816158,-0.5103748686042013,1
0,0,0,1,0,0,0,1,0,1,0,0,0,1,0,0,1,1,0,1,1,1,0,0,0,1,0.8835317282456877,-0.61941794006765,-0.6325554979347028,0.5930611203816158,-0.5555238740646246,4
0,0,1,0,0,0,1,0,0,1,0,0,0,1,0,1,1,1,0,1,1,1,0,0,0,1,-0.11241755588016701,-0.056011196708244955,0.4995942256031165,0.5930611203816158,-0.23948083584166246,5
0,0,1,0,0,1,0,0,0,1,0,0,0,1,0,1,1,1,0,1,1,1,0,0,0,1,1.8794810123715424,-0.3821940481268479,0.4995942256031165,0.5930611203816158,-0.3297788467625088,4
0,1,0,0,0,1,0,0,0,0,0,1,0,1,0,0,1,1,0,1,1,1,0,0,0,1,-1.1083668400060218,-0.397020541373148,-0.4303859044458065,0.5930611203816158,-0.28462984130208563,5
0,1,0,0,0,0,0,1,0,0,0,1,0,0,1,1,1,1,0,1,1,1,0,0,0,1,-1.44034993471464,-0.397020541373148,-0.30908414835246867,0.5930611203816158,-0.5103748686042013,5
0,0,0,0,0,0,0,0,0,0,0,1,0,0,1,0,1,1,0,1,1,1,0,0,0,1,0.21956553882845123,-0.5304589805898492,-0.49103678249247534,0.5930611203816158,-0.3749278522229319,5
0,0,1,0,0,0,0,0,0,0,0,1,0,0,1,1,1,1,0,1,1,1,0,0,0,1,-1.44034993471464,0.07742724250845624,0.2772076727653306,0.5930611203816158,0.1668602133021459,5
0,0,1,0,0,0,1,0,0,0,0,0,0,0,1,1,1,1,0,1,1,1,0,0,0,1,0.21956553882845123,-0.5601119670824495,-0.4708198231435857,0.5930611203816158,-0.5555238740646246,5
0,0,1,0,0,1,0,0,0,0,0,0,0,0,0,1,1,1,0,1,1,1,0,0,0,1,-0.11241755588016701,-0.2487556089101467,-0.0058297581191242495,0.6443869219956602,0.3474562351438385,3
0,0,1,0,0,0,1,0,0,0,0,0,0,0,0,1,1,1,0,1,1,1,0,0,0,1,1.8794810123715424,-0.18944963592494615,-0.41016894509691687,0.6443869219956602,-0.42007685768335506,5
0,0,1,0,0,1,0,0,0,0,0,0,0,0,0,1,1,1,0,1,1,1,0,0,0,1,1.5474979176629242,-0.6045914468213499,-0.5516876605391442,0.6443869219956602,-0.690970890445894,5
0,0,1,0,0,1,0,0,0,0,0,0,0,0,0,0,1,1,0,1,1,1,0,0,0,1,-0.44440065058878525,-0.11531716969344549,-0.4506028637946961,0.6443869219956602,-0.3297788467625088,4
0,0,1,0,0,0,1,0,0,0,1,0,0,0,0,0,1,1,0,1,1,1,0,0,0,1,0.5515486335370695,-0.515632487343549,-0.49103678249247534,0.6443869219956602,-0.5555238740646246,5
0,0,1,0,0,0,1,0,0,0,1,0,0,0,0,1,1,1,0,1,1,1,0,0,0,1,1.215514822954306,-0.13014366293974564,0.9848012499764677,0.6443869219956602,0.6634992733668006,5
0,0,1,0,0,1,0,0,0,0,1,0,1,0,0,1,1,1,0,1,1,1,0,0,0,1,0.21956553882845123,-0.2042761291712463,-0.34951806705024796,0.6443869219956602,-0.23948083584166246,4
0,1,0,0,0,1,0,0,0,0,1,0,1,0,0,1,1,1,0,1,1,1,0,0,0,1,-1.44034993471464,-0.41184703461944816,-0.4708198231435857,0.6443869219956602,-0.5103748686042013,5
0,1,0,0,0,0,0,0,0,0,1,0,1,0,0,1,1,1,0,1,1,1,0,0,0,1,-1.44034993471464,0.18121269523255717,0.802848615836461,0.6443869219956602,0.21200921876256906,5
0,0,1,0,0,0,0,1,0,1,0,0,1,0,0,0,1,1,0,1,1,1,0,0,0,1,0.5515486335370695,-0.041184703461944826,-0.1877823922591309,0.6443869219956602,-0.3297788467625088,4
0,0,1,0,0,1,0,0,0,1,0,0,1,0,0,1,1,1,0,1,1,1,0,0,0,1,1.215514822954306,-0.2487556089101467,-0.34951806705024796,0.6443869219956602,0.21200921876256906,3
0,0,1,0,0,0,1,0,0,1,0,0,0,1,0,1,1,1,0,1,1,1,0,0,0,1,1.5474979176629242,-0.36736755488054773,-0.20799935160802055,0.6443869219956602,-0.1943318303812393,5
0,1,0,0,0,0,0,1,0,1,0,0,0,1,0,1,1,1,0,1,1,1,0,0,0,1,1.215514822954306,0.4480895736659596,1.2476217215120329,0.6443869219956602,0.1668602133021459,4
0,0,1,0,0,0,1,0,0,0,0,1,0,1,0,1,1,1,0,1,1,1,0,0,0,1,-0.7763837452974035,0.7149664520993619,-0.4708198231435857,0.6443869219956602,-0.5103748686042013,5
0,0,1,0,0,0,1,0,0,0,0,1,0,0,1,0,1,1,0,1,1,1,0,0,0,1,-1.1083668400060218,-0.5304589805898492,-0.32930110770135834,0.6443869219956602,-0.5555238740646246,5
0,0,0,1,0,1,0,0,0,0,0,1,0,0,1,0,1,1,0,1,1,1,0,0,0,1,-0.7763837452974035,-0.5897649535750498,-0.4506028637946961,0.6443869219956602,-0.5555238740646246,5
1,0,0,0,0,0,0,1,0,0,0,1,0,0,1,1,1,1,0,1,1,1,0,0,0,1,-1.44034993471464,-0.11531716969344549,-0.4303859044458065,0.6443869219956602,-0.3749278522229319,5
0,0,1,0,0,1,0,0,0,0,0,0,0,0,1,0,1,1,0,1,1,1,0,0,0,1,0.8835317282456877,-0.5749384603287496,-0.5516876605391442,0.6443869219956602,-0.5103748686042013,5
0,0,1,0,0,0,1,0,0,0,0,0,0,0,0,0,1,1,1,1,1,1,0,0,0,1,-0.11241755588016701,-0.5897649535750498,-0.4506028637946961,0.39164623222953293,-0.5555238740646246,5
0,0,1,0,0,1,0,0,0,0,0,0,0,0,0,1,1,1,1,1,1,1,0,0,0,1,-0.44440065058878525,-0.5601119670824495,-0.22821631095691017,0.39164623222953293,-0.46522586314377823,4
0,0,1,0,0,0,0,1,0,0,1,0,0,0,0,1,1,1,1,1,1,1,0,0,0,1,0.5515486335370695,-0.36736755488054773,-0.30908414835246867,0.39164623222953293,-0.104033819460393,5
0,0,1,0,0,0,0,0,0,0,1,0,1,0,0,1,1,1,1,1,1,1,0,0,0,1,-0.11241755588016701,1.1894142359809663,0.33785855081199945,0.39164623222953293,0.8892443006689164,5
0,0,1,0,0,1,0,0,0,0,1,0,1,0,0,0,1,1,1,1,1,1,0,0,0,1,-1.1083668400060218,-0.5008059940972489,-0.4303859044458065,0.39164623222953293,-0.3749278522229319,4
1,0,0,0,0,0,0,0,1,0,1,0,1,0,0,0,1,1,1,1,1,1,0,0,0,1,0.8835317282456877,-0.4266735278657483,-0.30908414835246867,0.39164623222953293,-0.23948083584166246,3
0,1,0,0,0,1,0,0,0,0,1,0,1,0,0,0,1,1,1,1,1,1,0,0,0,1,-0.44440065058878525,-0.3821940481268479,-0.5314707011902546,0.39164623222953293,-0.46522586314377823,5
0,0,1,0,0,1,0,0,0,1,0,0,1,0,0,0,1,1,1,1,1,1,0,0,0,1,0.5515486335370695,0.4184365871733593,6.746634664410012,0.39164623222953293,0.5280522569855312,5
0,0,1,0,0,1,0,0,0,1,0,0,1,0,0,0,1,1,1,1,1,1,0,0,0,1,2.2114641070801606,-0.5897649535750498,-0.5516876605391442,0.39164623222953293,-0.5103748686042013,5
0,0,1,0,0,1,0,0,0,1,0,0,0,1,0,0,1,1,1,1,1,1,0,0,0,1,-0.44440065058878525,-0.2191026224175464,-0.28886718900357905,0.39164623222953293,-0.23948083584166246,5
0,0,1,0,0,1,0,0,0,1,0,0,0,1,0,1,1,1,1,1,1,1,0,0,0,1,0.5515486335370695,0.3294776276955585,1.3689234776053707,0.39164623222953293,1.385883360733571,5
0,1,0,0,0,0,0,0,1,1,0,0,0,1,0,1,1,1,1,1,1,1,0,0,0,1,1.5474979176629242,-0.397020541373148,-0.12713151421246202,0.39164623222953293,-0.104033819460393,5
0,0,1,0,0,0,0,0,0,0,0,1,0,1,0,0,1,1,1,1,1,1,0,0,0,1,-0.11241755588016701,-0.4859795008509488,-0.41016894509691687,0.39164623222953293,-0.3749278522229319,2
0,0,1,0,0,0,0,1,0,0,0,1,0,1,0,1,1,1,1,1,1,1,0,0,0,1,0.8835317282456877,-0.07083768995454509,-0.1069145548635724,0.39164623222953293,-0.14918282492081616,5
0,0,1,0,0,1,0,0,0,0,0,1,0,0,1,0,1,1,1,1,1,1,0,0,0,1,-0.44440065058878525,1.4414646211680686,-0.0058297581191242495,0.39164623222953293,0.0765622023812996,4
0,1,0,0,0,1,0,0,0,0,0,1,0,0,1,0,1,1,1,1,1,1,0,0,0,1,1.215514822954306,-0.6342444333139501,-0.34951806705024796,0.39164623222953293,0.12171120784172275,5
0,1,0,0,0,1,0,0,0,0,0,0,0,0,1,0,1,1,1,1,1,1,0,0,0,1,0.21956553882845123,-0.515632487343549,-0.4303859044458065,0.39164623222953293,-0.42007685768335506,5
0,0,1,0,0,1,0,0,0,0,0,0,0,0,1,0,1,1,1,1,1,1,0,0,0,1,1.5474979176629242,-0.4266735278657483,0.4793772662542269,0.39164623222953293,-0.104033819460393,5
1,0,0,0,0,0,0,0,0,0,0,0,0,0,0,1,1,1,0,1,1,1,0,0,0,1,0.21956553882845123,0.3591306141881588,0.19633983536977204,-0.7110808388116008,1.9276714262586487,5
0,0,1,0,0,0,1,0,0,0,0,0,0,0,0,0,1,1,0,1,1,1,0,0,0,1,-1.44034993471464,-0.6490709265602502,-0.5921215792369235,-0.7110808388116008,-0.690970890445894,5
0,0,1,0,0,1,0,0,0,0,1,0,0,0,0,0,1,1,0,1,1,1,0,0,0,1,0.21956553882845123,0.0626007492621561,-0.16756543291024129,-0.7110808388116008,-0.3297788467625088,5
1,0,0,0,0,1,0,0,0,0,1,0,1,0,0,0,1,1,0,1,1,1,0,0,0,1,0.8835317282456877,-0.4266735278657483,-0.511253741841365,-0.7110808388116008,-0.3749278522229319,4
0,0,1,0,0,1,0,0,0,0,1,0,1,0,0,0,1,1,0,1,1,1,0,0,0,1,-1.44034993471464,-0.6490709265602502,-0.6123385385858131,-0.7110808388116008,-0.690970890445894,5
1,0,0,0,0,0,1,0,0,0,1,0,1,0,0,1,1,1,0,1,1,1,0,0,0,1,0.8835317282456877,-0.3821940481268479,-0.28886718900357905,-0.7110808388116008,-0.1943318303812393,4
0,0,0,0,1,0,1,0,0,0,1,0,1,0,0,1,1,1,0,1,1,1,0,0,0,1,0.8835317282456877,-0.5601119670824495,-0.4708198231435857,-0.7110808388116008,-0.5103748686042013,5
0,0,1,0,0,1,0,0,0,1,0,0,1,0,0,1,1,1,0,1,1,1,0,0,0,1,1.215514822954306,-0.10049067644714536,-0.30908414835246867,-0.7110808388116008,0.12171120784172275,5
0,0,1,0,0,0,0,0,0,1,0,0,1,0,0,0,1,1,0,1,1,1,0,0,0,1,1.5474979176629242,0.04777425601585597,-0.026046717468013878,-0.7110808388116008,-0.05888481399996986,5
0,0,1,0,0,0,1,0,0,1,0,0,0,1,0,1,1,1,0,1,1,1,0,0,0,1,-0.44440065058878525,1.3525056616902678,0.4793772662542269,-0.7110808388116008,0.21200921876256906,5
0,0,1,0,0,0,1,0,0,1,0,0,0,1,0,0,1,1,0,1,1,1,0,0,0,1,0.5515486335370695,-0.27840859540274693,-0.6123385385858131,-0.7110808388116008,-0.3297788467625088,4
1,0,0,0,0,1,0,0,0,1,0,0,0,1,0,1,1,1,0,1,1,1,0,0,0,1,-0.11241755588016701,-0.61941794006765,-0.5921215792369235,-0.7110808388116008,-0.5555238740646246,4
0,1,0,0,0,0,1,0,0,0,0,1,0,1,0,0,1,1,0,1,1,1,0,0,0,1,-1.44034993471464,-0.3080615818953472,-0.3899519857480272,-0.7110808388116008,0.12171120784172275,5
0,0,0,0,0,0,1,0,0,0,0,1,0,1,0,0,1,1,0,1,1,1,0,0,0,1,-1.1083668400060218,-0.6342444333139501,-0.32930110770135834,-0.7110808388116008,-0.690970890445894,1
0,1,0,0,0,0,0,1,0,0,0,1,0,0,1,0,1,1,0,1,1,1,0,0,0,1,2.2114641070801606,-0.6045914468213499,-0.5719046198880339,-0.7110808388116008,-0.5555238740646246,5
0,1,0,0,0,1,0,0,0,0,0,1,0,0,1,0,1,1,0,1,1,1,0,0,0,1,-1.44034993471464,-0.6490709265602502,-0.6123385385858131,-0.7110808388116008,-0.690970890445894,2
0,0,0,1,0,0,1,0,0,0,0,1,0,0,1,0,1,1,0,1,1,1,0,0,0,1,-0.7763837452974035,-0.14497015618604575,-0.28886718900357905,-0.7110808388116008,0.03141319692087645,4
0,0,1,0,0,0,0,0,0,0,0,0,0,0,1,0,1,1,0,1,1,1,0,0,0,1,-0.7763837452974035,0.9670168372864643,0.9039334125809092,-0.7110808388116008,0.1668602133021459,4
0,0,1,0,0,0,0,0,0,0,0,0,0,0,0,1,1,0,0,0,1,1,0,0,1,0,-1.1083668400060218,-0.6342444333139501,-0.5921215792369235,-1.5618448837474261,-0.690970890445894,4
0,0,1,0,0,0,0,0,1,0,1,0,0,0,0,0,1,0,0,0,1,1,0,0,1,0,-1.1083668400060218,-0.5304589805898492,-0.511253741841365,-1.5618448837474261,-0.28462984130208563,2
0,0,1,0,0,1,0,0,0,0,1,0,1,0,0,0,1,0,0,0,1,1,0,0,1,0,-1.1083668400060218,-0.61941794006765,-0.6123385385858131,-1.5618448837474261,-0.690970890445894,5
0,0,1,0,0,0,0,1,0,0,1,0,1,0,0,1,1,0,0,0,1,1,0,0,1,0,1.5474979176629242,2.8203284930739807,4.765372648218828,-1.5618448837474261,4.320568715661076,5
0,0,1,0,0,1,0,0,0,0,1,0,1,0,0,0,1,0,0,0,1,1,0,0,1,0,-0.44440065058878525,0.21086568172515743,-0.20799935160802055,-1.5618448837474261,-0.28462984130208563,5
0,0,1,0,0,0,0,1,0,1,0,0,1,0,0,0,1,0,0,0,1,1,0,0,1,0,-1.44034993471464,-0.6342444333139501,-0.5921215792369235,-1.5618448837474261,-0.690970890445894,5
0,0,1,0,0,1,0,0,0,1,0,0,1,0,0,0,1,0,0,0,1,1,0,0,1,0,-1.44034993471464,-0.6342444333139501,-0.6123385385858131,-1.5618448837474261,-0.690970890445894,5
0,0,1,0,0,1,0,0,0,1,0,0,0,1,0,0,1,0,0,0,1,1,0,0,1,0,2.2114641070801606,-0.3525410616342476,0.4389433475564476,-1.5618448837474261,0.12171120784172275,5
0,0,1,0,0,0,0,1,0,1,0,0,0,1,0,0,1,0,0,0,1,1,0,0,1,0,-1.44034993471464,-0.6045914468213499,-0.30908414835246867,-1.5618448837474261,-0.690970890445894,1
0,1,0,0,0,1,0,0,0,1,0,0,0,1,0,0,1,0,0,0,1,1,0,0,1,0,-0.44440065058878525,2.064177337512674,0.7826316564875714,-1.5618448837474261,1.6567773934961099,5
0,1,0,0,0,0,1,0,0,1,0,0,0,1,0,0,1,0,0,0,1,1,0,0,1,0,-0.7763837452974035,3.2206438107240847,2.3999884043987416,-1.5618448837474261,2.6952045190858422,4
0,0,1,0,0,1,0,0,0,0,0,1,0,1,0,1,1,0,0,0,1,1,0,0,1,0,-1.44034993471464,0.3591306141881588,-0.28886718900357905,-1.5618448837474261,-0.1943318303812393,5
0,0,0,1,0,0,0,0,0,0,0,1,0,1,0,1,1,0,0,0,1,1,0,0,1,0,-0.7763837452974035,0.7001399588530618,-0.08669759551468277,-1.5618448837474261,-0.14918282492081616,4
0,0,1,0,0,0,1,0,0,0,0,1,0,0,1,0,1,0,0,0,1,1,0,0,1,0,1.215514822954306,1.2783731954587672,1.7126117865364943,-1.5618448837474261,2.0631184426399183,3
0,0,1,0,0,1,0,0,0,0,0,1,0,0,1,1,1,0,0,0,1,1,0,0,1,0,0.21956553882845123,0.0626007492621561,0.4389433475564476,-1.5618448837474261,0.30230722968341533,3
0,0,1,0,0,0,0,0,0,0,0,1,0,0,1,0,1,0,0,0,1,1,0,0,1,0,-0.44440065058878525,1.5304235806458693,0.4793772662542269,-1.5618448837474261,0.79894628974807,4
0,0,1,0,0,1,0,0,0,0,0,0,0,0,1,0,1,0,0,0,1,1,0,0,1,0,-0.11241755588016701,-0.27840859540274693,-0.1877823922591309,-1.5618448837474261,-0.3749278522229319,4
0,0,1,0,0,1,0,0,0,0,0,0,0,0,1,0,1,0,0,0,1,1,0,0,1,0,-0.7763837452974035,-0.4711530076046487,-0.6123385385858131,-1.5618448837474261,-0.5103748686042013,4
0,1,0,0,0,1,0,0,0,0,0,0,0,0,0,0,1,1,0,1,1,1,0,0,0,1,1.215514822954306,1.2190672224735666,1.0050182093253572,-0.12627776587582323,1.1149893279710321,4
0,0,1,0,0,0,0,0,0,0,0,0,0,0,0,1,1,1,0,1,1,1,0,0,0,1,-0.11241755588016701,-0.4415000211120484,-0.3899519857480272,-0.12627776587582323,-0.46522586314377823,5
0,0,1,0,0,1,0,0,0,0,1,0,0,0,0,1,1,1,0,1,1,1,0,0,0,1,0.8835317282456877,-0.4266735278657483,-0.16756543291024129,-0.12627776587582323,-0.05888481399996986,5
0,0,1,0,0,0,0,1,0,0,1,0,0,0,0,0,1,1,0,1,1,1,0,0,0,1,-1.1083668400060218,1.0114963170253648,-0.08669759551468277,-0.12627776587582323,1.0246913170501857,4
0,1,0,0,0,0,1,0,0,0,1,0,1,0,0,0,1,1,0,1,1,1,0,0,0,1,0.8835317282456877,-0.5601119670824495,-0.5314707011902546,-0.12627776587582323,-0.46522586314377823,3
0,0,0,0,1,0,0,1,0,0,1,0,1,0,0,0,1,1,0,1,1,1,0,0,0,1,1.8794810123715424,0.4184365871733593,1.3689234776053707,-0.12627776587582323,0.7537972842876469,4
0,1,0,0,0,1,0,0,0,1,0,0,1,0,0,1,1,1,0,1,1,1,0,0,0,1,-0.7763837452974035,-0.2487556089101467,-0.026046717468013878,-0.12627776587582323,-0.14918282492081616,5
0,0,1,0,0,0,0,0,0,1,0,0,1,0,0,0,1,1,0,1,1,1,0,0,0,1,-0.11241755588016701,-0.1597966494323459,-0.1069145548635724,-0.12627776587582323,-0.3297788467625088,4
0,0,1,0,0,0,0,1,0,1,0,0,0,1,0,0,1,1,0,1,1,1,0,0,0,1,-0.44440065058878525,-0.6045914468213499,-0.5314707011902546,-0.12627776587582323,-0.5555238740646246,5
0,0,1,0,0,0,1,0,0,1,0,0,0,1,0,1,1,1,0,1,1,1,0,0,0,1,-0.44440065058878525,-0.18944963592494615,-0.34951806705024796,-0.12627776587582323,-0.1943318303812393,5
0,1,0,0,0,0,1,0,0,1,0,0,0,1,0,0,1,1,0,1,1,1,0,0,0,1,-1.1083668400060218,-0.5304589805898492,-0.5516876605391442,-0.12627776587582323,-0.5555238740646246,5
0,0,1,0,0,0,1,0,0,1,0,0,0,1,0,1,1,1,0,1,1,1,0,0,0,1,-0.11241755588016701,4.273324831211394,3.410836371843223,-0.12627776587582323,1.9276714262586487,5
0,0,1,0,0,1,0,0,0,0,0,1,0,1,0,0,1,1,0,1,1,1,0,0,0,1,0.5515486335370695,-0.23392911566384655,-0.32930110770135834,-0.12627776587582323,-0.1943318303812393,5
0,1,0,0,0,0,0,1,0,0,0,1,0,1,0,0,1,1,0,1,1,1,0,0,0,1,0.21956553882845123,0.5963545061289609,0.7421977377897921,-0.12627776587582323,1.2504363443523014,5
0,1,0,0,0,0,0,0,0,0,0,1,0,0,1,0,1,1,0,1,1,1,0,0,0,1,-0.11241755588016701,-0.1597966494323459,-0.49103678249247534,-0.12627776587582323,-0.23948083584166246,4
1,0,0,0,0,1,0,0,0,0,0,1,0,0,1,1,1,1,0,1,1,1,0,0,0,1,0.21956553882845123,-0.4711530076046487,-0.4708198231435857,-0.12627776587582323,-0.3749278522229319,5
0,0,1,0,0,1,0,0,0,0,0,1,0,0,1,1,1,1,0,1,1,1,0,0,0,1,0.21956553882845123,-0.5897649535750498,-0.34951806705024796,-0.12627776587582323,-0.46522586314377823,5
0,0,1,0,0,0,0,1,0,0,0,0,0,0,1,0,1,1,0,1,1,1,0,0,0,1,1.215514822954306,1.8417799388181721,0.19633983536977204,-0.12627776587582323,0.4377542460646848,5
0,0,1,0,0,1,0,0,0,0,0,0,0,0,0,1,1,1,0,1,1,1,1,0,0,0,0.5515486335370695,-0.6045914468213499,-0.5921215792369235,-0.7530746764958188,-0.5555238740646246,5
0,0,1,0,0,0,1,0,0,0,0,0,0,0,0,0,1,1,0,1,1,1,1,0,0,0,1.8794810123715424,0.07742724250845624,0.33785855081199945,-0.7530746764958188,1.069840322510609,2
0,0,1,0,0,0,0,0,0,0,0,0,0,0,0,0,1,1,0,1,1,1,1,0,0,0,-0.11241755588016701,-0.515632487343549,-0.6123385385858131,-0.7530746764958188,-0.5555238740646246,5
0,1,0,0,0,1,0,0,0,0,1,0,0,0,0,0,1,1,0,1,1,1,1,0,0,0,1.215514822954306,0.22569217497145758,0.21655679471866168,-0.7530746764958188,-0.3749278522229319,5
0,1,0,0,0,1,0,0,0,0,1,0,0,0,0,0,1,1,0,1,1,1,1,0,0,0,0.21956553882845123,0.7001399588530618,-0.26865022965468943,-0.7530746764958188,1.5213303771148405,4
0,0,1,0,0,0,1,0,0,0,1,0,1,0,0,0,1,1,0,1,1,1,1,0,0,0,1.8794810123715424,-0.5601119670824495,0.2772076727653306,-0.7530746764958188,-0.46522586314377823,4
0,0,0,0,1,0,1,0,0,0,1,0,1,0,0,1,1,1,0,1,1,1,1,0,0,0,1.5474979176629242,-0.11531716969344549,0.13568895732310315,-0.7530746764958188,0.7086482788272237,5
0,0,1,0,0,1,0,0,0,0,1,0,1,0,0,1,1,1,0,1,1,1,1,0,0,0,-0.44440065058878525,0.37395710743445887,-0.2484332703057998,-0.7530746764958188,0.4377542460646848,1
0,0,1,0,0,0,0,1,0,1,0,0,1,0,0,0,1,1,0,1,1,1,1,0,0,0,-1.1083668400060218,-0.5304589805898492,-0.5516876605391442,-0.7530746764958188,-0.5555238740646246,5
0,1,0,0,0,0,1,0,0,1,0,0,0,1,0,0,1,1,0,1,1,1,1,0,0,0,-0.11241755588016701,-0.08566418320084522,-0.4506028637946961,-0.7530746764958188,0.12171120784172275,4
0,0,1,0,0,1,0,0,0,1,0,0,0,1,0,0,1,1,0,1,1,1,1,0,0,0,0.21956553882845123,0.49256905340485996,-0.14734847356135167,-0.7530746764958188,0.0765622023812996,4
0,1,0,0,0,0,1,0,0,1,0,0,0,1,0,1,1,1,0,1,1,1,1,0,0,0,-0.11241755588016701,0.04777425601585597,-0.2484332703057998,-0.7530746764958188,0.2571582242229922,5
0,0,1,0,0,0,1,0,0,0,0,1,0,1,0,1,1,1,0,1,1,1,1,0,0,0,0.8835317282456877,0.9966698237790645,0.19633983536977204,-0.7530746764958188,0.8440952952084931,5
0,1,0,0,0,1,0,0,0,0,0,1,0,0,1,0,1,1,0,1,1,1,1,0,0,0,-0.7763837452974035,-0.5008059940972489,-0.30908414835246867,-0.7530746764958188,-0.5555238740646246,2
0,0,1,0,0,0,0,0,0,0,0,1,0,0,1,0,1,1,0,1,1,1,1,0,0,0,1.5474979176629242,-0.5304589805898492,-0.41016894509691687,-0.7530746764958188,-0.46522586314377823,4
0,0,1,0,0,0,1,0,0,0,0,1,0,0,1,0,1,1,0,1,1,1,1,0,0,0,-1.44034993471464,-0.6045914468213499,-0.6123385385858131,-0.7530746764958188,-0.5103748686042013,3
0,0,1,0,0,1,0,0,0,0,0,0,0,0,1,0,1,1,0,1,1,1,1,0,0,0,0.8835317282456877,-0.041184703461944826,0.0952550386253239,-0.7530746764958188,-0.1943318303812393,5
0,0,0,1,0,1,0,0,0,0,0,0,0,0,1,0,1,1,0,1,1,1,1,0,0,0,0.8835317282456877,-0.36736755488054773,-0.4506028637946961,-0.7530746764958188,0.03141319692087645,4
0,0,1,0,0,0,0,0,0,0,0,0,0,0,0,1,1,1,0,0,1,1,1,0,0,0,0.5515486335370695,1.708341499601471,1.1465369247675847,-1.1387958522619699,0.8440952952084931,4
0,0,1,0,0,0,1,0,0,0,0,0,0,0,0,0,1,1,0,0,1,1,1,0,0,0,-0.11241755588016701,0.5815280128826608,0.0952550386253239,-1.1387958522619699,0.12171120784172275,5
0,0,1,0,0,0,0,0,0,0,0,0,0,0,0,0,1,1,0,0,1,1,1,0,0,0,0.21956553882845123,-0.3525410616342476,-0.22821631095691017,-1.1387958522619699,-0.104033819460393,5
0,1,0,0,0,0,0,1,0,0,1,0,0,0,0,0,1,1,0,0,1,1,1,0,0,0,0.5515486335370695,0.7446194385919622,0.4793772662542269,-1.1387958522619699,0.9795423115897627,4
0,1,0,0,0,0,0,0,0,0,1,0,0,0,0,0,1,1,0,0,1,1,1,0,0,0,1.8794810123715424,1.0856287832568654,2.0158661767698387,-1.1387958522619699,4.139972693819383,5
0,0,1,0,0,1,0,0,0,0,1,0,1,0,0,0,1,1,0,0,1,1,1,0,0,0,1.8794810123715424,-0.5749384603287496,-0.4708198231435857,-1.1387958522619699,-0.690970890445894,5
0,0,1,0,0,1,0,0,0,0,1,0,1,0,0,0,1,1,0,0,1,1,1,0,0,0,-0.7763837452974035,0.22569217497145758,-0.0058297581191242495,-1.1387958522619699,-0.5103748686042013,4
0,0,0,1,0,1,0,0,0,0,1,0,1,0,0,1,1,1,0,0,1,1,1,0,0,0,0.8835317282456877,3.4133882229259864,6.220993721338881,-1.1387958522619699,2.875800540927535,4
0,0,1,0,0,0,0,0,0,0,1,0,1,0,0,0,1,1,0,0,1,1,1,0,0,0,0.5515486335370695,0.018121269523255705,0.21655679471866168,-1.1387958522619699,1.069840322510609,4
0,0,1,0,0,0,1,0,0,1,0,0,1,0,0,0,1,1,0,0,1,1,1,0,0,0,-0.11241755588016701,-0.5749384603287496,-0.511253741841365,-1.1387958522619699,-0.46522586314377823,5
1,0,0,0,0,0,1,0,0,1,0,0,0,1,0,0,1,1,0,0,1,1,1,0,0,0,-1.1083668400060218,-0.36736755488054773,-0.49103678249247534,-1.1387958522619699,-0.14918282492081616,5
1,0,0,0,0,0,1,0,0,1,0,0,0,1,0,1,1,1,0,0,1,1,1,0,0,0,0.21956553882845123,0.25534516146405783,-0.12713151421246202,-1.1387958522619699,1.1149893279710321,5
0,0,1,0,0,0,0,1,0,0,0,1,0,1,0,0,1,1,0,0,1,1,1,0,0,0,-1.44034993471464,-0.5749384603287496,-0.5314707011902546,-1.1387958522619699,-0.5555238740646246,5
1,0,0,0,0,0,0,0,0,0,0,1,0,0,1,0,1,1,0,0,1,1,1,0,0,0,0.8835317282456877,-0.397020541373148,-0.4708198231435857,-1.1387958522619699,-0.28462984130208563,3
0,0,1,0,0,0,1,0,0,0,0,1,0,0,1,0,1,1,0,0,1,1,1,0,0,0,-0.11241755588016701,1.6935150063551707,0.9443673312786884,-1.1387958522619699,1.2504363443523014,5
1,0,0,0,0,1,0,0,0,0,0,1,0,0,1,0,1,1,0,0,1,1,1,0,0,0,-1.1083668400060218,0.03294776276955584,-0.22821631095691017,-1.1387958522619699,0.3474562351438385,4
0,1,0,0,0,1,0,0,0,0,0,1,0,0,1,1,1,1,0,0,1,1,1,0,0,0,0.21956553882845123,0.611180999375261,0.2974246321142202,-1.1387958522619699,-0.14918282492081616,4
0,0,1,0,0,1,0,0,0,0,0,0,0,0,1,0,1,1,0,0,1,1,1,0,0,0,-1.1083668400060218,-0.041184703461944826,-0.3697350263991376,-1.1387958522619699,-0.28462984130208563,5
0,0,1,0,0,0,0,1,0,0,0,0,0,0,0,0,1,1,1,1,1,1,0,0,0,0,1.215514822954306,-0.29323508864904707,-0.3899519857480272,-1.1512384708350716,-0.46522586314377823,5
0,1,0,0,0,0,0,0,0,0,0,0,0,0,0,1,1,1,1,1,1,1,0,0,0,0,-0.11241755588016701,-0.4859795008509488,-0.511253741841365,-1.1512384708350716,-0.14918282492081616,3
0,0,1,0,0,0,0,0,0,0,0,0,0,0,0,1,1,1,1,1,1,1,0,0,0,0,0.21956553882845123,8.350610473943929,5.8166545343610885,-1.1512384708350716,4.591462748423615,5
0,0,1,0,0,0,0,1,0,0,1,0,0,0,0,1,1,1,1,1,1,1,0,0,0,0,1.215514822954306,-0.5897649535750498,-0.5719046198880339,-1.1512384708350716,-0.5103748686042013,5
0,0,1,0,0,1,0,0,0,0,1,0,0,0,0,0,1,1,1,1,1,1,0,0,0,0,0.8835317282456877,-0.27840859540274693,0.05482111992754464,-1.1512384708350716,0.0765622023812996,5
0,0,0,0,1,1,0,0,0,0,1,0,1,0,0,0,1,1,1,1,1,1,0,0,0,0,0.8835317282456877,-0.5008059940972489,-0.4506028637946961,-1.1512384708350716,-0.46522586314377823,5
0,0,1,0,0,1,0,0,0,0,1,0,1,0,0,0,1,1,1,1,1,1,0,0,0,0,-0.44440065058878525,-0.08566418320084522,-0.3697350263991376,-1.1512384708350716,-0.23948083584166246,4
1,0,0,0,0,0,1,0,0,0,1,0,1,0,0,0,1,1,1,1,1,1,0,0,0,0,-1.44034993471464,-0.6490709265602502,-0.5719046198880339,-1.1512384708350716,-0.690970890445894,2
0,0,1,0,0,0,0,0,0,0,1,0,1,0,0,0,1,1,1,1,1,1,0,0,0,0,0.21956553882845123,0.937363850793864,-0.1877823922591309,-1.1512384708350716,0.21200921876256906,3
1,0,0,0,0,0,0,1,0,1,0,0,1,0,0,1,1,1,1,1,1,1,0,0,0,0,-1.1083668400060218,1.1004552765031654,0.2974246321142202,-1.1512384708350716,0.21200921876256906,5
0,0,1,0,0,0,0,0,0,1,0,0,0,1,0,1,1,1,1,1,1,1,0,0,0,0,-0.44440065058878525,-0.5601119670824495,-0.49103678249247534,-1.1512384708350716,-0.5555238740646246,4
0,0,1,0,0,0,0,0,0,1,0,0,0,1,0,0,1,1,1,1,1,1,0,0,0,0,-1.44034993471464,-0.61941794006765,-0.5921215792369235,-1.1512384708350716,-0.5555238740646246,3
0,0,1,0,0,1,0,0,0,1,0,0,0,1,0,0,1,1,1,1,1,1,0,0,0,0,0.5515486335370695,-0.5008059940972489,-0.2484332703057998,-1.1512384708350716,-0.5555238740646246,4
0,0,1,0,0,1,0,0,0,0,0,1,0,1,0,0,1,1,1,1,1,1,0,0,0,0,-1.44034993471464,-0.4711530076046487,-0.511253741841365,-1.1512384708350716,-0.5103748686042013,5
0,0,1,0,0,0,0,0,0,0,0,1,0,0,1,1,1,1,1,1,1,1,0,0,0,0,0.8835317282456877,-0.10049067644714536,-0.28886718900357905,-1.1512384708350716,-0.14918282492081616,5
0,0,1,0,0,1,0,0,0,0,0,1,0,0,1,1,1,1,1,1,1,1,0,0,0,0,1.215514822954306,1.8121269523255719,1.7732626645831633,-1.1512384708350716,2.51460849724415,4
0,0,1,0,0,0,1,0,0,0,0,0,0,0,1,1,1,1,1,1,1,1,0,0,0,0,-0.11241755588016701,-0.5304589805898492,-0.5314707011902546,-1.1512384708350716,-0.3297788467625088,5
0,0,1,0,0,0,0,1,0,0,0,0,0,0,1,0,1,1,1,1,1,1,0,0,0,0,0.21956553882845123,-0.4711530076046487,-0.5516876605391442,-1.1512384708350716,-0.5103748686042013,5
0,0,1,0,0,0,0,0,0,0,0,0,0,0,0,0,1,1,0,0,0,1,0,0,0,0,0.5515486335370695,0.2998246412029582,0.8230655751853506,-1.4630815988234318,0.39260524060426166,3
0,1,0,0,0,1,0,0,0,0,0,0,0,0,0,1,1,1,0,0,0,1,0,0,0,0,-0.11241755588016701,0.2405186682177577,-0.1069145548635724,-1.4630815988234318,-0.104033819460393,2
0,0,1,0,0,0,0,1,0,0,1,0,0,0,0,1,1,1,0,0,0,1,0,0,0,0,1.5474979176629242,0.31465113444925835,-0.20799935160802055,-1.4630815988234318,-0.104033819460393,5
0,0,1,0,0,1,0,0,0,0,1,0,0,0,0,0,1,1,0,0,0,1,0,0,0,0,-0.7763837452974035,-0.5304589805898492,-0.5516876605391442,-1.4630815988234318,-0.3749278522229319,5
0,0,1,0,0,0,1,0,0,0,1,0,1,0,0,0,1,1,0,0,0,1,0,0,0,0,-1.1083668400060218,0.5518750263900605,0.6006790223475647,-1.4630815988234318,-0.05888481399996986,3
0,0,1,0,0,0,0,1,0,0,1,0,1,0,0,1,1,1,0,0,0,1,0,0,0,0,0.5515486335370695,-0.5008059940972489,-0.3899519857480272,-1.4630815988234318,-0.3297788467625088,3
0,0,1,0,0,0,1,0,0,0,1,0,1,0,0,0,1,1,0,0,0,1,0,0,0,0,-0.44440065058878525,-0.6342444333139501,-0.6123385385858131,-1.4630815988234318,-0.6458218849854709,3
0,0,1,0,0,0,1,0,0,1,0,0,0,1,0,1,1,1,0,0,0,1,0,0,0,0,0.8835317282456877,0.16638620198625703,-0.12713151421246202,-1.4630815988234318,-0.3749278522229319,3
0,0,1,0,0,1,0,0,0,1,0,0,0,1,0,0,1,1,0,0,0,1,0,0,0,0,-0.44440065058878525,0.003294776276955573,-0.1877823922591309,-1.4630815988234318,-0.42007685768335506,5
0,0,1,0,0,0,1,0,0,1,0,0,0,1,0,1,1,1,0,0,0,1,0,0,0,0,-1.1083668400060218,-0.32288807514164736,-0.41016894509691687,-1.4630815988234318,0.3474562351438385,5
0,0,1,0,0,0,0,1,0,0,0,1,0,1,0,1,1,1,0,0,0,1,0,0,0,0,-0.11241755588016701,0.16638620198625703,-0.14734847356135167,-1.4630815988234318,0.12171120784172275,5
0,0,1,0,0,0,0,0,0,0,0,1,0,1,0,1,1,1,0,0,0,1,0,0,0,0,1.8794810123715424,3.6357856216204882,5.432532306732186,-1.4630815988234318,11.183217545645395,4
0,0,0,1,0,0,1,0,0,0,0,1,0,0,1,1,1,1,0,0,0,1,0,0,0,0,-1.44034993471464,-0.27840859540274693,-0.4506028637946961,-1.4630815988234318,-0.3749278522229319,4
1,0,0,0,0,1,0,0,0,0,0,1,0,0,1,1,1,1,0,0,0,1,0,0,0,0,0.21956553882845123,1.0559757967642651,0.4389433475564476,-1.4630815988234318,1.2955853498127248,4
0,1,0,0,0,0,0,0,0,0,0,1,0,0,1,0,1,1,0,0,0,1,0,0,0,0,0.21956553882845123,-0.45632651435834853,-0.32930110770135834,-1.4630815988234318,-0.46522586314377823,4
0,0,1,0,0,0,0,0,0,0,0,1,0,0,1,1,1,1,0,0,0,1,0,0,0,0,-0.11241755588016701,-0.4711530076046487,-0.6123385385858131,-1.4630815988234318,-0.3749278522229319,5
0,0,1,0,0,1,0,0,0,0,0,0,0,0,1,0,1,1,0,0,0,1,0,0,0,0,1.215514822954306,-0.36736755488054773,-0.12713151421246202,-1.4630815988234318,-0.28462984130208563,4
0,0,1,0,0,0,1,0,0,0,0,0,0,0,1,0,1,1,0,0,0,1,0,0,0,0,-0.7763837452974035,-0.61941794006765,-0.5719046198880339,-1.4630815988234318,-0.5555238740646246,5
0,0,1,0,0,0,0,1,0,0,0,0,0,0,0,0,1,1,1,0,0,1,1,0,0,0,-0.7763837452974035,-0.41184703461944816,-0.3899519857480272,-1.096024350916933,-0.5555238740646246,4
0,0,0,1,0,0,1,0,0,0,0,0,0,0,0,1,1,1,1,0,0,1,1,0,0,0,-0.11241755588016701,-0.3525410616342476,-0.3697350263991376,-1.096024350916933,-0.1943318303812393,5
0,0,1,0,0,1,0,0,0,0,0,0,0,0,0,0,1,1,1,0,0,1,1,0,0,0,-0.44440065058878525,0.22569217497145758,0.03460416057865501,-1.096024350916933,-0.1943318303812393,5
0,0,1,0,0,1,0,0,0,0,0,0,0,0,0,0,1,1,1,0,0,1,1,0,0,0,2.2114641070801606,-0.4859795008509488,-0.32930110770135834,-1.096024350916933,-0.5103748686042013,5
0,0,1,0,0,0,0,1,0,0,1,0,0,0,0,0,1,1,1,0,0,1,1,0,0,0,-0.11241755588016701,-0.26358210215644684,0.39850942885866836,-1.096024350916933,-0.14918282492081616,5
0,0,1,0,0,0,1,0,0,0,1,0,1,0,0,0,1,1,1,0,0,1,1,0,0,0,0.5515486335370695,0.3591306141881588,0.13568895732310315,-1.096024350916933,0.30230722968341533,5
0,0,1,0,0,0,0,0,0,0,1,0,1,0,0,0,1,1,1,0,0,1,1,0,0,0,0.21956553882845123,0.13673321549365677,-0.32930110770135834,-1.096024350916933,-0.23948083584166246,4
0,1,0,0,0,1,0,0,0,1,0,0,1,0,0,0,1,1,1,0,0,1,1,0,0,0,0.5515486335370695,-0.14497015618604575,-0.08669759551468277,-1.096024350916933,0.0765622023812996,5
1,0,0,0,0,0,1,0,0,1,0,0,1,0,0,1,1,1,1,0,0,1,1,0,0,0,0.8835317282456877,-0.32288807514164736,-0.49103678249247534,-1.096024350916933,-0.14918282492081616,5
0,1,0,0,0,0,1,0,0,1,0,0,0,1,0,1,1,1,1,0,0,1,1,0,0,0,-0.44440065058878525,-0.5749384603287496,-0.34951806705024796,-1.096024350916933,-0.5555238740646246,5
0,0,1,0,0,0,0,1,0,1,0,0,0,1,0,0,1,1,1,0,0,1,1,0,0,0,-0.11241755588016701,-0.26358210215644684,-0.30908414835246867,-1.096024350916933,-0.3297788467625088,4
0,0,1,0,0,0,0,1,0,0,0,1,0,1,0,0,1,1,1,0,0,1,1,0,0,0,0.5515486335370695,-0.45632651435834853,-0.34951806705024796,-1.096024350916933,-0.5555238740646246,5
0,0,1,0,0,0,0,0,0,0,0,1,0,1,0,1,1,1,1,0,0,1,1,0,0,0,1.215514822954306,5.489097277408005,4.724938729521049,-1.096024350916933,6.623167994142657,4
0,1,0,0,0,1,0,0,0,0,0,1,0,0,1,0,1,1,1,0,0,1,1,0,0,0,0.5515486335370695,0.46291606691225967,0.01438720122976538,-1.096024350916933,0.5280522569855312,3
0,1,0,0,0,1,0,0,0,0,0,1,0,0,1,0,1,1,1,0,0,1,1,0,0,0,-0.11241755588016701,-0.3080615818953472,-0.026046717468013878,-1.096024350916933,-0.14918282492081616,4
1,0,0,0,0,0,1,0,0,0,0,1,0,0,1,0,1,1,1,0,0,1,1,0,0,0,-0.11241755588016701,-0.32288807514164736,-0.16756543291024129,-1.096024350916933,-0.28462984130208563,3
0,0,1,0,0,0,1,0,0,0,0,1,0,0,1,1,1,1,1,0,0,1,1,0,0,0,-0.7763837452974035,2.0345243510200737,0.31764159146310983,-1.096024350916933,0.39260524060426166,4
0,0,1,0,0,0,0,1,0,0,0,0,0,0,1,1,1,1,1,0,0,1,1,0,0,0,0.21956553882845123,0.833578398069763,0.2974246321142202,-1.096024350916933,0.8892443006689164,5
0,1,0,0,0,0,0,0,0,0,0,0,0,0,0,1,1,1,0,1,1,1,0,0,0,1,-0.7763837452974035,-0.2042761291712463,-0.22821631095691017,1.4236059101361511,-0.1943318303812393,4
0,0,1,0,0,0,1,0,0,0,0,0,0,0,0,1,1,1,0,1,1,1,0,0,0,1,0.21956553882845123,0.22569217497145758,-0.32930110770135834,1.4236059101361511,0.03141319692087645,4
0,0,1,0,0,1,0,0,0,0,0,0,0,0,0,1,1,1,0,1,1,1,0,0,0,1,-1.44034993471464,-0.6490709265602502,-0.5921215792369235,1.4236059101361511,-0.690970890445894,5
0,0,1,0,0,1,0,0,0,0,1,0,0,0,0,0,1,1,0,1,1,1,0,0,0,1,-0.7763837452974035,-0.5304589805898492,-0.3697350263991376,1.4236059101361511,-0.5555238740646246,3
0,0,1,0,0,1,0,0,0,0,1,0,0,0,0,0,1,1,0,1,1,1,0,0,0,1,0.21956553882845123,-0.3821940481268479,-0.5314707011902546,1.4236059101361511,-0.3749278522229319,5
1,0,0,0,0,1,0,0,0,0,1,0,1,0,0,1,1,1,0,1,1,1,0,0,0,1,1.5474979176629242,1.0559757967642651,3.5321381279365607,1.4236059101361511,2.830651535467112,5
0,0,0,1,0,1,0,0,0,0,1,0,1,0,0,1,1,1,0,1,1,1,0,0,0,1,-0.7763837452974035,-0.3377145683879475,-0.1069145548635724,1.4236059101361511,-0.104033819460393,4
0,0,0,1,0,0,1,0,0,0,1,0,1,0,0,0,1,1,0,1,1,1,0,0,0,1,-1.1083668400060218,0.5667015196363606,-0.1069145548635724,1.4236059101361511,-0.23948083584166246,4
0,1,0,0,0,1,0,0,0,0,1,0,1,0,0,0,1,1,0,1,1,1,0,0,0,1,-1.44034993471464,-0.36736755488054773,-0.4506028637946961,1.4236059101361511,-0.5555238740646246,5
0,0,1,0,0,1,0,0,0,1,0,0,1,0,0,0,1,1,0,1,1,1,0,0,0,1,-1.1083668400060218,-0.5601119670824495,-0.511253741841365,1.4236059101361511,-0.46522586314377823,5
0,0,0,1,0,1,0,0,0,1,0,0,0,1,0,0,1,1,0,1,1,1,0,0,0,1,-0.11241755588016701,-0.4415000211120484,-0.2484332703057998,1.4236059101361511,-0.42007685768335506,4
0,1,0,0,0,1,0,0,0,1,0,0,0,1,0,1,1,1,0,1,1,1,0,0,0,1,0.21956553882845123,-0.4711530076046487,-0.3899519857480272,1.4236059101361511,-0.3749278522229319,4
0,0,1,0,0,0,1,0,0,1,0,0,0,1,0,0,1,1,0,1,1,1,0,0,0,1,1.8794810123715424,-0.3821940481268479,-0.14734847356135167,1.4236059101361511,-0.3297788467625088,5
0,1,0,0,0,1,0,0,0,0,0,1,0,1,0,0,1,1,0,1,1,1,0,0,0,1,0.8835317282456877,-0.23392911566384655,-0.32930110770135834,1.4236059101361511,-0.3749278522229319,5
0,0,0,0,1,1,0,0,0,0,0,1,0,0,1,1,1,1,0,1,1,1,0,0,0,1,-0.7763837452974035,-0.36736755488054773,-0.4708198231435857,1.4236059101361511,-0.690970890445894,5
0,1,0,0,0,1,0,0,0,0,0,1,0,0,1,0,1,1,0,1,1,1,0,0,0,1,1.215514822954306,-0.08566418320084522,-0.0058297581191242495,1.4236059101361511,0.21200921876256906,4
0,0,0,1,0,1,0,0,0,0,0,1,0,0,1,1,1,1,0,1,1,1,0,0,0,1,-0.11241755588016701,-0.026358210215644693,-0.04626367681690351,1.4236059101361511,1.0246913170501857,5
0,0,1,0,0,1,0,0,0,0,0,0,0,0,1,0,1,1,0,1,1,1,0,0,0,1,1.8794810123715424,-0.5749384603287496,-0.3899519857480272,1.4236059101361511,-0.42007685768335506,4
0,0,0,1,0,0,0,0,1,0,0,0,0,0,0,1,1,1,0,1,1,1,0,0,0,1,-0.44440065058878525,-0.4266735278657483,-0.5719046198880339,1.3505055260191787,-0.42007685768335506,4
0,0,1,0,0,0,1,0,0,0,0,0,0,0,0,0,1,1,0,1,1,1,0,0,0,1,0.21956553882845123,-0.4415000211120484,-0.3697350263991376,1.3505055260191787,-0.5555238740646246,5
0,0,1,0,0,0,0,0,0,0,0,0,0,0,0,1,1,1,0,1,1,1,0,0,0,1,-1.1083668400060218,-0.056011196708244955,1.6115269897920461,1.3505055260191787,-0.28462984130208563,5
0,0,1,0,0,0,0,0,0,0,1,0,0,0,0,0,1,1,0,1,1,1,0,0,0,1,-1.44034993471464,-0.2191026224175464,-0.28886718900357905,1.3505055260191787,-0.28462984130208563,2
0,1,0,0,0,0,0,0,0,0,1,0,1,0,0,0,1,1,0,1,1,1,0,0,0,1,-0.11241755588016701,-0.32288807514164736,-0.26865022965468943,1.3505055260191787,-0.23948083584166246,5
0,1,0,0,0,0,0,1,0,0,1,0,1,0,0,1,1,1,0,1,1,1,0,0,0,1,-0.44440065058878525,-0.4859795008509488,-0.30908414835246867,1.3505055260191787,-0.42007685768335506,3
0,1,0,0,0,1,0,0,0,0,1,0,1,0,0,0,1,1,0,1,1,1,0,0,0,1,-1.1083668400060218,-0.4415000211120484,-0.28886718900357905,1.3505055260191787,-0.42007685768335506,5
0,1,0,0,0,0,1,0,0,1,0,0,1,0,0,0,1,1,0,1,1,1,0,0,0,1,-1.44034993471464,-0.5897649535750498,-0.5314707011902546,1.3505055260191787,-0.690970890445894,5
0,0,1,0,0,0,0,0,0,1,0,0,1,0,0,1,1,1,0,1,1,1,0,0,0,1,0.5515486335370695,-0.18944963592494615,-0.41016894509691687,1.3505055260191787,-0.46522586314377823,4
0,0,1,0,0,1,0,0,0,1,0,0,0,1,0,1,1,1,0,1,1,1,0,0,0,1,0.21956553882845123,-0.2487556089101467,-0.16756543291024129,1.3505055260191787,-0.46522586314377823,5
1,0,0,0,0,0,1,0,0,1,0,0,0,1,0,1,1,1,0,1,1,1,0,0,0,1,1.8794810123715424,0.4777425601585598,0.33785855081199945,1.3505055260191787,0.12171120784172275,4
0,0,1,0,0,0,0,0,1,1,0,0,0,1,0,0,1,1,0,1,1,1,0,0,0,1,-1.44034993471464,-0.5008059940972489,-0.5921215792369235,1.3505055260191787,-0.3297788467625088,4
0,1,0,0,0,1,0,0,0,0,0,1,0,1,0,0,1,1,0,1,1,1,0,0,0,1,0.5515486335370695,-0.4711530076046487,-0.5921215792369235,1.3505055260191787,-0.5555238740646246,5
0,0,1,0,0,0,0,0,0,0,0,1,0,1,0,0,1,1,0,1,1,1,0,0,0,1,-0.7763837452974035,0.25534516146405783,-0.0058297581191242495,1.3505055260191787,-0.104033819460393,4
0,1,0,0,0,1,0,0,0,0,0,1,0,0,1,1,1,1,0,1,1,1,0,0,0,1,0.21956553882845123,-0.27840859540274693,0.21655679471866168,1.3505055260191787,0.30230722968341533,5
0,1,0,0,0,1,0,0,0,0,0,1,0,0,1,1,1,1,0,1,1,1,0,0,0,1,-1.1083668400060218,-0.4711530076046487,-0.3899519857480272,1.3505055260191787,-0.42007685768335506,4
0,1,0,0,0,0,0,1,0,0,0,1,0,0,1,0,1,1,0,1,1,1,0,0,0,1,-0.11241755588016701,-0.27840859540274693,0.2367737540675513,1.3505055260191787,0.12171120784172275,5
1,0,0,0,0,0,1,0,0,0,0,0,0,0,1,1,1,1,0,1,1,1,0,0,0,1,-0.11241755588016701,-0.36736755488054773,-0.2484332703057998,1.3505055260191787,0.12171120784172275,2
0,0,1,0,0,1,0,0,0,0,0,0,0,0,0,1,1,1,0,1,1,1,0,1,0,0,0.8835317282456877,-0.45632651435834853,-0.49103678249247534,0.5596215829664052,-0.5555238740646246,4
0,0,1,0,0,1,0,0,0,0,0,0,0,0,0,0,1,1,0,1,1,1,0,1,0,0,-1.1083668400060218,-0.3821940481268479,-0.3899519857480272,0.5596215829664052,-0.5555238740646246,5
0,0,1,0,0,1,0,0,0,0,0,0,0,0,0,0,1,1,0,1,1,1,0,1,0,0,-1.1083668400060218,-0.6045914468213499,-0.5921215792369235,0.5596215829664052,-0.5103748686042013,2
0,0,1,0,0,1,0,0,0,0,1,0,0,0,0,0,1,1,0,1,1,1,0,1,0,0,1.5474979176629242,1.1301082629957657,0.5602451036497854,0.5596215829664052,-0.104033819460393,2
0,0,1,0,0,1,0,0,0,0,1,0,0,0,0,1,1,1,0,1,1,1,0,1,0,0,-0.7763837452974035,-0.45632651435834853,-0.511253741841365,0.5596215829664052,-0.3749278522229319,5
0,0,1,0,0,0,0,1,0,0,1,0,1,0,0,0,1,1,0,1,1,1,0,1,0,0,-0.44440065058878525,0.4184365871733593,0.1559059166719928,0.5596215829664052,-0.5103748686042013,3
0,0,1,0,0,0,0,1,0,0,1,0,1,0,0,0,1,1,0,1,1,1,0,1,0,0,0.5515486335370695,-0.5304589805898492,-0.5516876605391442,0.5596215829664052,-0.46522586314377823,5
0,0,1,0,0,1,0,0,0,1,0,0,0,1,0,1,1,1,0,1,1,1,0,1,0,0,-0.44440065058878525,0.07742724250845624,-0.16756543291024129,0.5596215829664052,-0.013735808539546705,4
0,1,0,0,0,0,1,0,0,1,0,0,0,1,0,0,1,1,0,1,1,1,0,1,0,0,-0.44440065058878525,-0.3377145683879475,-0.41016894509691687,0.5596215829664052,-0.28462984130208563,4
0,0,0,0,0,0,1,0,0,1,0,0,0,1,0,1,1,1,0,1,1,1,0,1,0,0,-0.11241755588016701,0.5963545061289609,0.6815468597431232,0.5596215829664052,0.9795423115897627,5
0,0,1,0,0,1,0,0,0,1,0,0,0,1,0,0,1,1,0,1,1,1,0,1,0,0,-0.44440065058878525,0.4184365871733593,-0.1069145548635724,0.5596215829664052,-0.3749278522229319,5
0,0,1,0,0,1,0,0,0,0,0,1,0,1,0,0,1,1,0,1,1,1,0,1,0,0,-0.7763837452974035,-0.36736755488054773,-0.08669759551468277,0.5596215829664052,-0.23948083584166246,4
0,0,1,0,0,1,0,0,0,0,0,1,0,1,0,0,1,1,0,1,1,1,0,1,0,0,-0.7763837452974035,-0.4711530076046487,-0.3697350263991376,0.5596215829664052,-0.42007685768335506,5
0,0,1,0,0,1,0,0,0,0,0,1,0,0,1,1,1,1,0,1,1,1,0,1,0,0,-1.44034993471464,-0.5749384603287496,-0.511253741841365,0.5596215829664052,-0.5103748686042013,5
0,0,1,0,0,1,0,0,0,0,0,1,0,0,1,0,1,1,0,1,1,1,0,1,0,0,0.5515486335370695,0.04777425601585597,-0.12713151421246202,0.5596215829664052,-0.3297788467625088,4
0,0,1,0,0,1,0,0,0,0,0,1,0,0,1,1,1,1,0,1,1,1,0,1,0,0,-1.44034993471464,-0.3080615818953472,-0.5314707011902546,0.5596215829664052,-0.5555238740646246,5
0,0,1,0,0,1,0,0,0,0,0,0,0,0,1,1,1,1,0,1,1,1,0,1,0,0,-0.11241755588016701,1.159761249488366,0.6411129410453439,0.5596215829664052,0.482903251525108,5
0,0,1,0,0,0,0,1,0,0,0,0,0,0,1,0,1,1,0,1,1,1,0,1,0,0,-1.1083668400060218,-0.3080615818953472,-0.511253741841365,0.5596215829664052,-0.3749278522229319,4
0,0,1,0,0,0,1,0,0,0,0,0,0,0,0,0,1,1,0,1,1,1,0,1,0,0,0.8835317282456877,-0.4415000211120484,-0.5516876605391442,-1.0656954681449977,-0.5555238740646246,3
0,1,0,0,0,0,0,0,1,0,0,0,0,0,0,1,1,1,0,1,1,1,0,1,0,0,-0.44440065058878525,2.138309803744175,1.9754322580720596,-1.0656954681449977,2.559757502704573,4
0,0,1,0,0,1,0,0,0,0,0,0,0,0,0,0,1,1,0,1,1,1,0,1,0,0,1.215514822954306,-0.29323508864904707,-0.08669759551468277,-1.0656954681449977,0.1668602133021459,3
0,0,1,0,0,0,0,0,0,0,1,0,0,0,0,0,1,1,0,1,1,1,0,1,0,0,-0.11241755588016701,-0.174623142678646,-0.3899519857480272,-1.0656954681449977,-0.1943318303812393,5
0,0,1,0,0,0,0,1,0,0,1,0,0,0,0,0,1,1,0,1,1,1,0,1,0,0,-0.11241755588016701,-0.45632651435834853,-0.3697350263991376,-1.0656954681449977,-0.3749278522229319,5
0,0,0,0,0,0,0,0,1,0,1,0,1,0,0,1,1,1,0,1,1,1,0,1,0,0,2.543447201788779,1.8417799388181721,1.085886046720916,-1.0656954681449977,1.2504363443523014,4
0,0,1,0,0,0,0,1,0,0,1,0,1,0,0,1,1,1,0,1,1,1,0,1,0,0,-0.11241755588016701,-0.36736755488054773,-0.20799935160802055,-1.0656954681449977,0.0765622023812996,3
0,0,1,0,0,1,0,0,0,0,1,0,1,0,0,0,1,1,0,1,1,1,0,1,0,0,-0.44440065058878525,-0.41184703461944816,-0.26865022965468943,-1.0656954681449977,-0.23948083584166246,4
0,0,1,0,0,0,0,0,1,1,0,0,1,0,0,0,1,1,0,1,1,1,0,1,0,0,2.2114641070801606,0.7594459318382624,2.6223749572365276,-1.0656954681449977,1.431032366193994,4
1,0,0,0,0,0,1,0,0,1,0,0,0,1,0,0,1,1,0,1,1,1,0,1,0,0,0.5515486335370695,-0.4859795008509488,-0.4506028637946961,-1.0656954681449977,-0.1943318303812393,4
0,0,1,0,0,1,0,0,0,1,0,0,0,1,0,0,1,1,0,1,1,1,0,1,0,0,0.5515486335370695,-0.5304589805898492,-0.6123385385858131,-1.0656954681449977,-0.3297788467625088,5
0,0,1,0,0,0,1,0,0,1,0,0,0,1,0,0,1,1,0,1,1,1,0,1,0,0,0.8835317282456877,-0.32288807514164736,-0.1877823922591309,-1.0656954681449977,0.2571582242229922,3
0,0,1,0,0,0,0,0,1,0,0,1,0,1,0,1,1,1,0,1,1,1,0,1,0,0,0.5515486335370695,-0.2191026224175464,-0.2484332703057998,-1.0656954681449977,0.5280522569855312,5
0,0,1,0,0,1,0,0,0,0,0,1,0,1,0,0,1,1,0,1,1,1,0,1,0,0,2.2114641070801606,0.270171654710358,0.5602451036497854,-1.0656954681449977,0.03141319692087645,3
0,1,0,0,0,1,0,0,0,0,0,1,0,0,1,0,1,1,0,1,1,1,0,1,0,0,-1.1083668400060218,-0.14497015618604575,-0.12713151421246202,-1.0656954681449977,-0.5555238740646246,5
0,0,1,0,0,1,0,0,0,0,0,1,0,0,1,0,1,1,0,1,1,1,0,1,0,0,1.215514822954306,0.07742724250845624,-0.04626367681690351,-1.0656954681449977,-0.104033819460393,4
0,0,1,0,0,0,1,0,0,0,0,0,0,0,1,0,1,1,0,1,1,1,0,1,0,0,1.5474979176629242,-0.5304589805898492,-0.5314707011902546,-1.0656954681449977,-0.42007685768335506,2
0,0,1,0,0,0,1,0,0,0,0,0,0,0,1,0,1,1,0,1,1,1,0,1,0,0,0.21956553882845123,-0.36736755488054773,1.6317439491409358,-1.0656954681449977,0.1668602133021459,4
